{
  "version": "2.0.0-beta",
  "app_name": "Voice Recorder Pro",
  "organization": "Voice Recorder Enhanced",
  "description": "Professional Audio Recording & Cloud Storage",
  "build_info": {
    "major": 2,
    "minor": 0,
    "patch": 0,
    "build": "beta"
  },
  "build_date": "2025-08-15",
  "build_time": "2025-08-15T13:16:14.057222",
  "python_version": "3.13.2 (tags/v3.13.2:4f8bb39, Feb  4 2025, 15:23:48) [MSC v.1942 64 bit (AMD64)]",
  "platform": "win32",
  "executable_name": "VoiceRecorderPro.exe",
  "display_name": "Voice Recorder Pro",
  "features": {
    "audio_recording": true,
    "audio_editing": true,
    "cloud_integration": true,
    "database_support": true,
    "enhanced_ui": true,
    "performance_monitoring": true
  },
  "build_system": {
    "tool": "PyInstaller",
    "compression": "UPX",
    "bundle_type": "one_dir"
  }
}